category,n_occurrences,delta_nll_swap_mean,delta_nll_swap_std,delta_nll_swap_median
Interrogatives,936,0.47887078946472234,0.3730189897590474,0.361579418182373
Pronouns,532,0.3256543148729138,0.3540275748815491,0.2341523170471191
Demonstratives/Deixis,478,0.30393001524474333,0.3352076763574114,0.2281911373138427
Connectives/Aspect markers,538,0.25344020194723704,0.26412534619247574,0.1735761165618896
Negation/Function words,617,0.2520731766761025,0.2782785780244666,0.1791627407073974
Kinship/Honorific terms,234,0.18489933013916013,0.25090466700461866,0.12122166156768795
Discourse particles,85,0.15266149464775533,0.31114984057982353,0.0535550117492675
Predicate vocabulary,954,0.12250650203952748,0.21349845890492392,0.0859817266464233
Idiomatic expressions,55,0.1083527695048939,0.3876829791814314,0.0595014095306396
